,S2-LR,S3,S4,S5
S2-LR,1.0,0.7259575114912514,0.7195366538929417,0.7211587950889622
S3,0.7259575114912514,1.0,0.9789380215443135,0.9780741533634867
S4,0.7195366538929417,0.9789380215443135,1.0,0.9906947883245225
S5,0.7211587950889622,0.9780741533634867,0.9906947883245225,1.0
