stage,model,fold_id,auc,n_train,n_valid,n_features
s2_logistic,logistic,0,0.7395560889151649,246008,61503,379
s2_logistic,logistic,1,0.7417502616303049,246009,61502,379
s2_logistic,logistic,2,0.7391214383736191,246009,61502,379
s2_logistic,logistic,3,0.7460317451835452,246009,61502,379
s2_logistic,logistic,4,0.7483761714494341,246009,61502,379
