stage,model,oof_auc,fold_auc_mean,fold_auc_std,n_features,output_dir
s1,lightgbm,0.7576457172288115,0.7576719144773476,0.0024601629097999,78,results\s1
s2,lightgbm,0.7574048470249772,0.7574348268647734,0.0023577417518541,379,results\s2
s2_full,lightgbm,0.7603292072332253,0.7603525900772238,0.0027458310907658,801,results\s2_full
s2_logistic,logistic,0.7430544805623402,0.7430732797227773,0.0036363547093143,379,results\s2_logistic
b1,lightgbm,0.7681588549788453,0.7681776676946679,0.001864089273958231,85,results\b1
